month,total_sales
2024-07,564592.04
2024-08,648507.1399999999
2024-09,603384.5
2024-10,468121.75999999995
2024-11,600376.58
2024-12,542023.8400000001
2025-01,577623.7999999999
2025-02,567818.8899999999
2025-03,631732
2025-04,603257.38
2025-05,438328.95999999996
2025-06,627924.37