category,amount
food,26901.03
labor,22036.21
utilities,15238.01
marketing,21069.410000000003
rent,21147.390000000003
maintenance,27896.72